author	clean_title	created_utc	domain	hasImage	id	image_url	linked_submission_id	num_comments	score	subreddit	title	upvote_ratio	2_way_label	3_way_label	6_way_label
ApiContraption	cutouts	1412871021.0		True	cl4t4zr	http://i.imgur.com/MTdglpi%2ejpg	2irp25		1	psbattle_artwork	cutouts		0	2	4
michaelconfoy	trump totally grossed out by definition of santorum	1454095139.0	stubhillnews.com	True	43acmd	https://external-preview.redd.it/IvZDJ-NgIOf-DZb__4yFw-e9AidKoUIY4hp8ebm0WNY.jpg?width=320&crop=smart&auto=webp&s=c6b0c8e6b941b1a2aacd7b675411e3b458a3ae2b		0.0	4	satire	Trump totally grossed out by definition of “Santorum”	0.76	0	2	1
wikipediaGPT2Bot	voynich manuscript a letter to a jewish woman in the s only to be found stuffed with hundreds of pages later	1566484264.0	en.wikipedia.org	True	cty8jw	https://external-preview.redd.it/sj7KI6diNh4rmQlfB1lOY2-Ur6V7o_BOAe1Dx7g1iqg.jpg?width=216&crop=smart&auto=webp&s=fdfae503447e7e0c92cb4305ba1606fa611d20f3		14.0	2	subsimulatorgpt2	Voynich Manuscript: a letter to a Jewish woman in the 1920s, only to be found stuffed with hundreds of pages later	1.0	0	2	3
eipekili	there is no spoon	1453736972.0		True	czbatgy	http://i.imgur.com/iX0tPEf.jpg	42g6mr		0	psbattle_artwork	There is no Spoon		0	2	4
MechaStewart	what a promotion	1366304325.0		True	c9ht35z	http://i.imgur.com/H6YcLDO.jpg	1ckwje		7	psbattle_artwork	What a promotion!		0	2	4
I3elphegor	x	1394397132.0		True	cfyey6p	http://www.rai.tv/dl/img/2014/01/1389107745835_papa_agnello_3.jpg	1zyze1		9	psbattle_artwork	3738 × 2492		0	2	4
Shashakeitup	romeo juliet	1508675032.0		True	dopw2lx	https://i.imgur.com/Qzj7wzl.jpg	77xrca		62	psbattle_artwork	Romeo & Juliet		0	2	4
Gkoliver	rare image of scientists mixing together chemicals to make the element oganesson	1496185806.0	i.redd.it	True	6eayq9	https://preview.redd.it/2ilfm65zyp0z.png?width=320&crop=smart&auto=webp&s=d7b13cc5c0101ff4ba6e2c3055e24903b2772e40		4.0	22	fakehistoryporn	Rare image of scientists mixing together chemicals to make the element Oganesson (2002, colorized)	0.96	0	2	2
dwaxe	bill belichick gazes fondly at absence of reflection in vince lombardi trophy	1486353082.0	theonion.com	True	5sbyu7	https://external-preview.redd.it/jgfhfLERQdkaaHhfP_7RY3mn_3I922Ir00zXOWRd7e8.jpg?width=320&crop=smart&auto=webp&s=87fe9b261bef1934583f908ecf134327bd4feeef		0.0	3	theonion	Bill Belichick Gazes Fondly At Absence Of Reflection In Vince Lombardi Trophy	0.68	0	2	1
baconisnice	jesus said what	1422117938.0	i.imgur.com	True	2tivam	https://external-preview.redd.it/5ZR5qHj-RY13fhpVvFQrk-J62BWzI1YVMxKJp-iVBDY.jpg?width=320&crop=smart&auto=webp&s=b11b8dd6681320adf1f798c62eabf81ae5ee5713		6.0	796	pareidolia	Jesus said what?!	0.93	0	2	2
FaceplantReddit	trauma found on my roku remote under the battery cover	1522597302.0	i.redd.it	True	88rng3	https://preview.redd.it/vhj4323phbp01.jpg?width=320&crop=smart&auto=webp&s=2e6ec07dbfe676cbfb5288b1da641649ba83b327		0.0	2	pareidolia	Trauma. (Found on my roku 3 remote.) (under the battery cover)	1.0	0	2	2
convolutedlies	judgement day	1565428070.0		True	ewhxrg8	https://i.imgur.com/d0GubQX.jpg	codh2w		6	psbattle_artwork	Judgement Day		0	2	4
a_black_pen	first thing i thought of	1445914599.0		True	cwe6kg5	http://i.imgur.com/TPmxzh7.jpg	3qd4m6		9	psbattle_artwork	First thing I thought of		0	2	4
KangarooJesus	irish unionist caricature of republican john redmond	1431310993.0	i.imgur.com	True	35jxzp	https://external-preview.redd.it/XGttaaEPO3za_MM2laOCmIX9tZjq0ftigVqNaZDvYZA.jpg?width=320&crop=smart&auto=webp&s=fa72d14c1a1411853c3036365a144fdf16358afb		5.0	51	propagandaposters	Irish Unionist caricature of republican John Redmond [1910]	0.96	0	1	5
MaximoCaligula	et	1406101653.0		True	cj5agyb	http://i.imgur.com/2jntLt5.jpg	2bgpry		2114	psbattle_artwork	ET		0	2	4
artunitinc	like this	1488497043.0		True	defp3wh	http://i.imgur.com/k4UCa0N.jpg	5x38vg		40	psbattle_artwork	like this?		0	2	4
username_taken_not	two men wearing shades and with a head of hair	1501253317.0	i.redd.it	True	6q49bw	https://preview.redd.it/2ne29n93jccz.jpg?width=320&crop=smart&auto=webp&s=31fc45521d2586aff4aba8231593946d526736a7		2.0	46	misleadingthumbnails	Two men wearing shades and with a head of hair	0.79	0	2	2
CheifGrandCherokee	first time	1428176491.0		True	cq17svy	http://i.imgur.com/q53n9Gh.jpg	31fphd		483	psbattle_artwork	First time		0	2	4
51de5h0w	air conditioner is fed up with your shenanigans	1502307688.0	i.redd.it	True	6snyit	https://preview.redd.it/nclgtp6dmrez.jpg?width=320&crop=smart&auto=webp&s=d9c4a85530e2bb18c83ffb38a2bcd4dda1355a6c		0.0	7	pareidolia	Air conditioner is fed up with your shenanigans	1.0	0	2	2
	dafuq how did he get my number	1407522319.0		True	cjkqar7	http://i.imgur.com/WeuIdSW.jpg	2cyozn		3	psbattle_artwork	Dafuq. How did he get my number?		0	2	4
WetCoastLife	a thought and a sandwich	1466868766.0		True	d4nkwn9	http://i.imgur.com/izsOckx.jpg	4prbx9		3	psbattle_artwork	A thought and a sandwich		0	2	4
aresef	gop claims kavanaugh shouldnt lose appointment for youthful indiscretion of repeatedly lying under oath	1538161102.0	politics.theonion.com	True	9jpqlw	https://external-preview.redd.it/pDxS0MfaVe9_OLIIzJ_c5l_CsBU4khp8M_Vv50XZkDE.jpg?width=320&crop=smart&auto=webp&s=4ecdeb0c7c268a8ae70990cf84f008e95b5cce8d		0.0	17	theonion	GOP Claims Kavanaugh Shouldn’t Lose Appointment For Youthful Indiscretion Of Repeatedly Lying Under Oath	0.91	0	2	1
Lunchboxltc	it rubs the lotion on its skin	1443735556.0		True	cvkzvjn	http://i.imgur.com/RKRJrZT.jpg	3n12yx		2	psbattle_artwork	It rubs the lotion on its skin		0	2	4
Slickj80	ivory honest eyes	1533629257.0	i.redd.it	True	959qf1	https://preview.redd.it/uzhlq7pnpme11.png?width=320&crop=smart&auto=webp&s=31ef25c18f9cf970d6726a35139c8ae0dd94f419		0.0	10	fakealbumcovers	Ivory - Honest Eyes	0.82	0	2	1
lofoforos	oscar bitches	1393942393.0		True	cfu2p8k	http://i.imgur.com/DeuWGGJ.jpg	1zg1tt		13	psbattle_artwork	Oscar *Bitches		0	2	4
SerialandMilk	this toothbrush holder has seen some terrible things	1507509210.0	i.imgur.com	True	755kxe	https://external-preview.redd.it/Hn6-p_ElR_Dio9ogTaPa5T7Q-04srltzDri3XJN9y7Y.jpg?width=320&crop=smart&auto=webp&s=23f008769562b71c97ca32723f58d6e82abb73f9		0.0	2	pareidolia	This toothbrush holder has seen some terrible things	1.0	0	2	2
DaDerpyDude	saffron hall aftermath	1505831675.0	i.redd.it	True	713d2c	https://preview.redd.it/ngjhpp85pumz.png?width=320&crop=smart&auto=webp&s=69a6690a05377a7d10cea3892664b15dbee79761		3.0	1	fakealbumcovers	Saffron Hall - Aftermath	0.67	0	2	1
HughesJackedMan	turtle colony recovered near an active volcano	1567044800.0	i.redd.it	True	cwulfa	https://preview.redd.it/7y41ae62z8j31.jpg?width=320&crop=smart&auto=webp&s=43fd95943761e7455909d1848846222fef23c6bd		1.0	14	misleadingthumbnails	Turtle colony recovered near an active volcano 🌋 : (	0.83	0	2	2
franandwood	cultural revolution poster from china it reads provide great support to agriculture while the farmer holds the little red book	1558495640.0	i.redd.it	True	brjtaq	https://preview.redd.it/nlahd0l6moz21.jpg?width=320&crop=smart&auto=webp&s=937c516de69b79398c54a2866d95172c441a8b7f		8.0	23	propagandaposters	"Cultural revolution poster from 1966 China, it reads ""Provide Great Support to Agriculture”, While the farmer holds “The Little Red Book”"	0.9	0	1	5
TheSpanishImposition	curious mailboxes	1439049425.0	i.imgur.com	True	3g94sv	https://external-preview.redd.it/LImJKyLZZpkhNb16RTtBQSFS2J4l1zQ0lU9UxYvmMqY.jpg?width=320&crop=smart&auto=webp&s=f63df43eb076bf1081c61ea19b2046bea73785e5		16.0	867	pareidolia	Curious mailboxes	0.95	0	2	2
all-top-today_SS	the bigoted elephant in the crowd pays to see minor raw spoiler this is the ultimate result of fat acceptance	1437595095.0	imgur.com	True	3e8jtv	https://external-preview.redd.it/e--MsUPH8Z1GTvpeY7UtqUD3TyFscuBOfU5dPHZhQ3o.jpg?width=216&crop=smart&auto=webp&s=21961af0bb509f76653bd5739044bfd31228d9b7		20.0	289	subredditsimulator	The bigoted elephant in the crowd pays to see!! *Minor RAW spoiler*. This is the ultimate result of fat acceptance	0.98	0	2	3
thxmate	im the king of the world	1446741060.0		True	cwpiniu	http://i.imgur.com/IoPo16e.jpg	3rmnzn		25	psbattle_artwork	I'm the king of the world!		0	2	4
Carrymy8ss	creation of demonscirca ad book of relevation	1557095962.0	i.redd.it	True	bl42z1	https://preview.redd.it/i25pe8cezgw21.png?width=320&crop=smart&auto=webp&s=147108096de361c2d6f6fdab9d0ea9f8ef146c52		4.0	51	fakehistoryporn	Creation of demons(Circa 95 AD, Book of relevation)	0.92	0	2	2
Cdelli	a soviet soldier defending the motherland in the dying days of the battle of stalingrad circa hd	1482790025.0	i.reddituploads.com	True	5kg2ir	https://external-preview.redd.it/ItQVlGnx8Ex0HDZil9r-ROM51VtKKtXDgYewwm9S-DU.jpg?width=320&crop=smart&auto=webp&s=f8732677bd4a717d464a7022116cc27a1d44de16		6.0	61	fakehistoryporn	A Soviet Soldier defending the motherland in the dying days of the Battle of Stalingrad Circa 1942 (Colorized) (HD)	0.97	0	2	2
KushlungsMcBone	k n v s sensus absurdi	1534528818.0	i.redd.it	True	984hex	https://preview.redd.it/wa5jg0ttzog11.png?width=320&crop=smart&auto=webp&s=6545fed288caa1b43910af513b4bfb1454c0640b		7.0	72	fakealbumcovers	k n v s - sensus absurdi	0.93	0	2	1
buckhenderson	my baby actually said this the other day	1346916196.0		True	c647dxu	http://i.qkme.me/3qsb0q.jpg	zf7at		67	psbattle_artwork	my baby actually said this the other day		0	2	4
JimboneBelvins	happy to take your trash	1567619785.0	i.redd.it	True	czocfd	https://preview.redd.it/5q3umhmx8mk31.jpg?width=320&crop=smart&auto=webp&s=1771a55e5a6636915e21e59e68ebd430026f3953		3.0	24	pareidolia	Happy to take your trash.	0.79	0	2	2
10000-spoons	we must go deeper	1452527763.0		True	cyu48iv	http://i.imgur.com/rKyII12.jpg	40gbrt		634	psbattle_artwork	We must go deeper.		0	2	4
SirDrinkALot92	british soldier notices a german gas attack during the second battle of ypern colorised	1500481163.0	i.imgur.com	True	6o9jzg	https://external-preview.redd.it/8cwAOYC1rEgODzaw9-MxZgAdvAqlMbBkivbw6z6cRyY.jpg?width=320&crop=smart&auto=webp&s=f62e1341493d3814d52057b88c564ee6995a3583		4.0	69	fakehistoryporn	British soldier notices a German gas attack during the second Battle of Ypern (colorised, 1915)	0.99	0	2	2
LousyAtPhotoshop	the new it requisition system	1407960581.0		True	cjpd4fq	http://i.imgur.com/vtiCwiM.jpg	2dg9gd		31	psbattle_artwork	The new IT requisition system...		0	2	4
MCMIVC	a french farmer trying to comfort a terrified jewish child he houses in his attic after its parents were taken by the nazis	1496864481.0	i.redd.it	True	6fvto9	https://preview.redd.it/awvgme1k0a2z.jpg?width=320&crop=smart&auto=webp&s=8403f95a1ae49c839af5e05563b198c92b542710		4.0	173	fakehistoryporn	A french farmer trying to comfort a terrified Jewish child he houses in his attic, after its parents were taken by the nazis. (1942, Colorized)	0.98	0	2	2
ClassicDragon	my nose is too long	1365093206.0	i.imgur.com	True	1bo3q3	https://external-preview.redd.it/WoKm5XmZVaLaeMd_BM9pw8Lun-wzKHj5fRrJ-ZDAtIE.jpg?width=320&crop=smart&auto=webp&s=b1afe782b492bde96e38cb97858f891280b980c4		0.0	6	pareidolia	My nose is too long :(	0.81	0	2	2
kntx_	road on lsd by work	1536883559.0	i.redd.it	True	9fn8y8	https://preview.redd.it/qqwqem5di3m11.jpg?width=320&crop=smart&auto=webp&s=b1bffd161c3cb7dc1e78b60750e4a0a29ffcd492		4.0	19	fakealbumcovers	Road on LSD by WORK	0.81	0	2	1
MistahFinch	breaking bad cant be that interesting	1381621331.0		True	ccqhoyp	http://i.imgur.com/eiMQ3DV.jpg	1ob6dc		66	psbattle_artwork	"""Breaking Bad can't be that interesting..."""		0	2	4
Liquid_Boss	a large woman pressing her boob against a window	1457470733.0	i.imgur.com	True	49kjkx	https://external-preview.redd.it/PzHYoP0GdliXMm2S2-IxHEJ40FRTHusxBIMyU-LQO1c.jpg?width=320&crop=smart&auto=webp&s=77804483b63eebe6d0815b277c53a413df37ae26		0.0	13	misleadingthumbnails	A large woman pressing her boob against a window	0.81	0	2	2
EliotHudson	the first gulf war	1537328330.0	i.redd.it	True	9h1rif	https://preview.redd.it/ash4jkjw84n11.jpg?width=320&crop=smart&auto=webp&s=d4d1f0234ee0a559862b4a7d287e239de4d6c1e2		0.0	25	fakehistoryporn	The First Gulf War, 1991	0.89	0	2	2
VenomzzxD	what do you think of donald trump well you see my good sir	1458965036.0		True	d1dv0la	http://i.imgur.com/HFy2ug0.jpg	4bz0uc		47	psbattle_artwork	"""What do you think of Donald Trump?"" ""Well you see my good sir.."""		0	2	4
djentlemetal	hi im morgan freeman welcome to jackass	1365808047.0		True	c9e2xfq	http://i.imgur.com/xNCtbbI.jpg	1c6t1h		5	psbattle_artwork	Hi, I'm Morgan Freeman. Welcome to Jackass!		0	2	4
Grave_Digger21	blackprism nowhere	1525189442.0	i.imgur.com	True	8g9f32	https://external-preview.redd.it/UhpedWoDZt3gPokmTibByuh2ubDuTg7HAXLsLhI0vxc.jpg?width=320&crop=smart&auto=webp&s=9af463c67fa9d9b2fbc112b17bc039292aa482d7		0.0	18	fakealbumcovers	BlackPrism_ - nowhere	0.95	0	2	1
LostAsFuk	supermut and batdog or err superdog and batmut	1389620531.0		True	ceofcbv	http://i.imgur.com/bCA1rz6.jpg	1v38dj		3	psbattle_artwork	Supermut and batdog, or, err, superdog and batmut		0	2	4
thatmimesohotrightno	this supermarket sells products inside its elevator	1571706438.0	i.redd.it	True	dla8g0	https://preview.redd.it/gh1jyppnszt31.jpg?width=320&crop=smart&auto=webp&s=af5e667a0355d8bb935f9ffff08137d2bea8fea4		2.0	7	mildlyinteresting	This supermarket sells products inside its elevator	0.89	1	0	0
mischief95	this cat sitting with her cat and her fox pillows	1550661480.0	i.redd.it	True	asn6ee	https://preview.redd.it/c4s2hr37jph21.jpg?width=320&crop=smart&auto=webp&s=ea5ffa98aa803e01c8a07f8b84d24ef845cbe4aa		1.0	12	photoshopbattles	PsBattle: this cat sitting with her cat and her fox pillows	0.84	1	0	0
jeppevinkel	dog staring confused	1476258657.0	i.imgur.com	True	573057	https://external-preview.redd.it/crh6QamXT9UTz9okDHPYvYK_q1a46xSnUsbmwu3tE48.jpg?width=320&crop=smart&auto=webp&s=723c32d25ce8fddf9bc618bbc2983d4a937fcac8		1.0	1	photoshopbattles	PsBattle: Dog Staring Confused	0.56	1	0	0
dunkin1980	teacher who helped stop indiana school shooting played de at southern illinois	1527305153.0	yahoo.com	True	8m7g1w	https://external-preview.redd.it/tvekRFgb1DyyzfSnKf-HkQamAs9lg2W95yf8V_Xuaa0.jpg?width=320&crop=smart&auto=webp&s=393cb6454740d61fa2043db5d326092dbc7e2d08		3.0	35	usnews	Teacher who helped stop Indiana school shooting played DE at Southern Illinois	0.93	1	0	0
Arjunnna	this well dressed ferret	1536599575.0	i.imgur.com	True	9ep2f4	https://external-preview.redd.it/nOJ7w3ah01NBOEueH0Vo2OOB0nkKLcjrtvwmm-2q144.jpg?width=320&crop=smart&auto=webp&s=46504e39e5478ec8e515ce7813c7a10825899bff		319.0	30113	photoshopbattles	PsBattle: This well dressed ferret.	0.92	1	0	0
blu189	protester protesting trump	1456803830.0	i.imgur.com	True	48ec46	https://external-preview.redd.it/vKOdMHzDn9v9y6ZJPd_Ag9HO7178REcUGI-7YXuMor8.png?width=320&crop=smart&auto=webp&s=d4a80224a8c8dbceb206fbefd3e1882c7bbaf899		3.0	4	photoshopbattles	PsBattle: Protester protesting Trump	0.64	1	0	0
_pm_me_gift_cards_	i found a nugget fish	1567281392.0	i.redd.it	True	cy011c	https://preview.redd.it/dx1pf93qauj31.jpg?width=320&crop=smart&auto=webp&s=ded86287d81da6e8986175744335220f3176b632		1.0	6	mildlyinteresting	I found a nugget fish!	0.65	1	0	0
xscz	diving kingfisher	1439435556.0	i.imgur.com	True	3gt00l	https://external-preview.redd.it/iSBzmjc6miDTPWHOMBLcu01mbfVuXrQf1P1HEKETxgE.jpg?width=320&crop=smart&auto=webp&s=b016adb46fa64507322a7602a6762dc305a6ce3c		0.0	7	pic	Diving Kingfisher	0.82	1	0	0
island_peep	men and womens water closet signs in japan	1537015383.0	i.redd.it	True	9g16ec	https://preview.redd.it/w7gkwr6ceem11.jpg?width=320&crop=smart&auto=webp&s=64566f6b5c699ded20eda054a8d667658b19b75d		5.0	33	mildlyinteresting	Men and women’s water closet signs in Japan.	0.79	1	0	0
Sariel007	chargers collect two semitrailers of donations for harvey relief effort	1504922697.0	espn.com	True	6yz750	https://external-preview.redd.it/zUDpxf1mr9aGjDAqCkstgaB9C7VEsbMrMpaZdCkxhAk.jpg?width=320&crop=smart&auto=webp&s=03bca5b8e3fb9c536d2187fb8b1b989688ad781b		1.0	32	upliftingnews	Chargers collect two semitrailers of donations for Harvey relief effort	0.89	1	0	0
ortizh4	upside down stop sign	1567631996.0	i.redd.it	True	czqz0q	https://preview.redd.it/wkgna7799nk31.jpg?width=320&crop=smart&auto=webp&s=eb8651353a31efa781e9f1313e223d494cbf7f7f		0.0	7	mildlyinteresting	Upside down stop sign	0.71	1	0	0
HaydenTCEM	this potato rock i found here in bradenton beach florida	1562620595.0	i.redd.it	True	car2sy	https://preview.redd.it/pcg0ht6sb5931.jpg?width=320&crop=smart&auto=webp&s=19df22e8ca256785c7e7e03c7f433da86e093f0a		2.0	7	mildlyinteresting	This Potato Rock I found here in Bradenton Beach, Florida	0.82	1	0	0
v1xiii	squirrel and a raging inferno	1354724222.0	i.imgur.com	True	14bsvn	https://external-preview.redd.it/SNKm9uybwGZb6n5c323l1-CnRFooXU74xmxO6tFH7zM.jpg?width=320&crop=smart&auto=webp&s=3312d6f705f0fc2d7b1b4b14fc6fbf0fa95e230e		3.0	4	photoshopbattles	Squirrel and a raging inferno. [x-post r/awwwtf]	0.61	1	0	0
PretzelGirl5	buzz and woody	1559006666.0	i.redd.it	True	bttyrn	https://preview.redd.it/z301j3kptu031.jpg?width=320&crop=smart&auto=webp&s=29116d78e1c9cd006a117fbb6678a6697e961de1		1.0	11	mildlyinteresting	Buzz and Woody	0.82	1	0	0
	nyc realtor offers employees pay raise for getting inked with company logo	1367370140.0	newyork.cbslocal.com	True	1dg905	https://external-preview.redd.it/y0QLGKRrYoSR47n0u5W-gIL5VX9dMXNJ4VWyI79NNfQ.jpg?width=320&crop=smart&auto=webp&s=379be68e0806918d9a582c230589ffeb82bdaea9		0.0	11	nottheonion	NYC Realtor Offers Employees Pay Raise For Getting Inked With Company Logo	0.92	1	0	0
Almost_Ascended	standing black cat in a dancing pose	1427007216.0	i.imgur.com	True	2zvuuo	https://external-preview.redd.it/QtsfJRB1RlSvAE9p_-aaxYM_0If1d1JlM2wS8Li0GTA.jpg?width=320&crop=smart&auto=webp&s=cb59620557a1f8648404d7dcf353467cc2e2bb5c		20.0	76	photoshopbattles	PsBattle: Standing black cat in a dancing pose.	0.88	1	0	0
jezzza	peeled the sticker off a microsd card and found all these contacts what are they for	1538014056.0	i.redd.it	True	9j8u3g	https://preview.redd.it/yggs87ervoo11.jpg?width=320&crop=smart&auto=webp&s=bf7f2fd8c646ccc2caa232d4527e4dbb57135498		9.0	13	mildlyinteresting	Peeled the sticker off a MicroSD card and found all these contacts! (What are they for?)	0.8	1	0	0
messilover2047	how my younger sister tried the coloured pens i got her	1560750030.0	i.redd.it	True	c1juzr	https://preview.redd.it/g2kvxmymtu431.jpg?width=320&crop=smart&auto=webp&s=f1caa11187ad314aa873e9cf24e37e323cc6d400		11.0	26	mildlyinteresting	How my younger sister tried the coloured pens I got her...	0.7	1	0	0
flappytowel	living room in a beach house in portugal	1439552866.0	i.imgur.com	True	3gysej	https://external-preview.redd.it/qH7JYoEanhZiDP7BHdGpMjfbI2XYiHtn53an1R-HSV0.jpg?width=320&crop=smart&auto=webp&s=b02e7c13851b579fb8c520893bfd4d839646736e		13.0	508	pic	Living room in a beach house in Portugal	0.96	1	0	0
	this happy dog	1405264956.0	i.imgur.com	True	2al6x4	https://external-preview.redd.it/3XrmOtTF5f7uLIV7J1zmUVLOxpxOLFRkS2xHBLnyR5w.jpg?width=320&crop=smart&auto=webp&s=33afb0755920153133693fc3a6581a848dcdeb83		2.0	9	photoshopbattles	This happy dog.	0.72	1	0	0
corinthian_llama	google must delete the word torrent from autocomplete french court says	1342818934.0	news.cnet.com	True	ww6r4	https://external-preview.redd.it/vzhhN43sOLOyv2-G0XvkWIqRe1AEceL3lXIXE426zmY.jpg?width=320&crop=smart&auto=webp&s=96c6c7b68432cd82a63e1b2d1d67f80126dcd32c		3.0	53	nottheonion	"Google must delete the word ""torrent"" from autocomplete, French court says"	0.93	1	0	0
juanmartinez820	a london sunrise	1563238857.0	i.redd.it	True	cdq61d	https://preview.redd.it/77wvfp87eka31.jpg?width=320&crop=smart&auto=webp&s=bf1c46c5af7d9db1b3a050dae15fe31b01176943		6.0	131	pic	A London Sunrise	0.95	1	0	0
dannylenwinn	nasa preps mission to most interesting asteroid in our solar system	1556003003.0	extremetech.com	True	bgdayl	https://external-preview.redd.it/AZzukUazlp1JEKZ1QwrNN_llU3GnPhsvBqNqVKy1tmA.jpg?width=320&crop=smart&auto=webp&s=6e528afc3c5f2c9a8a2623f3f9e7dee52c193770		0.0	2	usnews	NASA Preps Mission to Most Interesting Asteroid in Our Solar System	0.67	1	0	0
G1rvo	this very specific speed limit	1571339740.0	i.redd.it	True	djb4yc	https://preview.redd.it/3wtxptu9i5t31.jpg?width=320&crop=smart&auto=webp&s=2283dbdb8935de9a442502fc1e2f9242b7680699		10.0	15	mildlyinteresting	This very specific speed limit	0.76	1	0	0
Beethebarbarian	my wifes bruised ass looks like a constellation map	1570028572.0	imgur.com	True	dcbezq	https://external-preview.redd.it/dqT7v37vihU5CZhbGkf9Hv6mfK5zrc3_EkGIBCSdfh8.jpg?width=320&crop=smart&auto=webp&s=943f74f2d1d78b8d5718cf9e7763e0473c88468d		38.0	69	mildlyinteresting	My wife's bruised ass looks like a constellation map	0.79	1	0	0
greaterade	this toy rocket	1409863062.0	i.imgur.com	True	2fhl82	https://external-preview.redd.it/UkjK_25F5ieKBUWzH1iJxHArsSXkUbBCIr_ECEu-mWE.jpg?width=320&crop=smart&auto=webp&s=d91c08f02e0624fc338bc2de14f11c30335b737f		6.0	9	photoshopbattles	PsBattle: This toy rocket	0.91	1	0	0
	bartender guilty of manslaughter poured shots for patron	1432952427.0	upi.com	True	37sqyn	https://external-preview.redd.it/z3743vrU5P5STz8iDhJEdRz6F6WQ6nLpvcypx5A2Wig.jpg?width=320&crop=smart&auto=webp&s=c22a61acd6af125d028b6310d339edb739964bab		7.0	5	nottheonion	Bartender guilty of manslaughter; poured 56 shots for patron	0.78	1	0	0
cidiem	my nephew on a rocking horse	1365654632.0	i.imgur.com	True	1c46pp	https://external-preview.redd.it/QexupkSwdpMm5HLAS7mLzbjMAifjnLGNklzfOotwSas.jpg?width=320&crop=smart&auto=webp&s=21ca750286df5bee82889cb05684eefd0007fe7a		3.0	7	photoshopbattles	My nephew on a rocking horse.	0.89	1	0	0
squabbleviews	my dog trying to be best friends with a chicken	1565394790.0	i.redd.it	True	coalbo	https://preview.redd.it/dcxi67vvgif31.jpg?width=320&crop=smart&auto=webp&s=6748aee79f630d4741dfb92e69710711ba0dab27		6.0	59	mildlyinteresting	My dog trying to be best friends with a chicken	0.89	1	0	0
943strait9	domestic violence	1357807598.0	i.imgur.com	True	16b0p1	https://external-preview.redd.it/1-97-6O2aJmmM1E6dxcMDqWZJgpyyvgZRCz8smxT3p8.jpg?width=320&crop=smart&auto=webp&s=7f140e3d28f1ab50e09c534cff6edbbd53d043e4		0.0	16	pic	Domestic violence	0.71	1	0	0
WhovianMomma21	woman born without vagina gets one made from tilapia fish ski	1528169425.0	nypost.com	True	8onmeq	https://external-preview.redd.it/ChYS5pYbuTzWRcatRp9P9nb_pwaPc5v1-7pu0XSwUrQ.jpg?width=320&crop=smart&auto=webp&s=01a8cf4f5e0884e0cf66bed6dcc0a7d6f9773806		6.0	8	upliftingnews	Woman born without vagina gets one made from tilapia fish ski	0.63	1	0	0
OrmDraebogPlundra	french poppy seed bread found to contain dangerous levels of morphine	1551690285.0	telegraph.co.uk	True	ax52y0	https://external-preview.redd.it/DfQJ-byUVY7WK_v0NT0nvZD4uy5nfam2ejO_Z_cltuk.jpg?width=320&crop=smart&auto=webp&s=b02e7fe4d747c47fc3c3386a426011d53656f749		23.0	115	nottheonion	French poppy seed bread found to contain dangerous levels of morphine	0.96	1	0	0
Brewster_The_Pigeon	a very chubby baby from the maldives	1481157859.0	i.imgur.com	True	5h3swa	https://external-preview.redd.it/O5IKhos66g2OW1tHSnbGIDn9Vn7CwiNNJEh6zMkD7WU.jpg?width=320&crop=smart&auto=webp&s=8839d3ecbd72f8ce9eea5435b5cf157eb79b6b2e		4.0	2	photoshopbattles	PsBattle: A very chubby baby from the Maldives.	0.63	1	0	0
nirad	fox news host zimmerman has already been punished with weight gain	1370982531.0	rawstory.com	True	1g5a7a	https://external-preview.redd.it/n3fSSHKjjh3gIMyNDOlh-8Py3gVEgz0OGEEu6nFCUlk.jpg?width=320&crop=smart&auto=webp&s=9db3d50e3a8ba4857c0d0533238ac112b2ab0eb9		3.0	10	nottheonion	Fox News host: Zimmerman ‘has already been punished’ with weight gain	0.67	1	0	0
TheCydonian	pangolin boobs	1441992215.0	i.imgur.com	True	3kkdqq	https://external-preview.redd.it/YDZaSNFBX1X3KyU-htPnUEHnr8nkXIvI58FU93VsIrA.jpg?width=320&crop=smart&auto=webp&s=27d030f1dc6c2829d527222cc935ca0a674acc01		3.0	10	photoshopbattles	PsBattle: Pangolin Boobs	0.73	1	0	0
minikites	haitians read firstworldproblems tweets out loud	1350047138.0	fastcocreate.com	True	11d3h5	https://external-preview.redd.it/DbzApBnyvPWyd1eeTjUjocBJaz-i7DEkmxK9vbdHi_s.jpg?width=320&crop=smart&auto=webp&s=3ea68c0993f4d2bcda717af0cbd835765f403ceb		1.0	14	nottheonion	Haitians read #FirstWorldProblems tweets out loud.	0.82	1	0	0
heidi19forever	this dbz characters on mexican soccer teams uniforms painted on the wall of a taco shop in mexico	1561001263.0	i.redd.it	True	c2qwgn	https://preview.redd.it/3rgda4qnkf531.jpg?width=320&crop=smart&auto=webp&s=5ed065ea610dea5b79ea4592c29c532d4163d577		4.0	13	mildlyinteresting	This DBZ characters on mexican soccer teams' uniforms painted on the wall of a taco shop in Mexico	0.81	1	0	0
flwrchild1013	popular knives recalled due to laceration hazard	1487785423.0	fox25boston.com	True	5vk3yp	https://external-preview.redd.it/EkIrnvOv5kP1-e32EnfsxeymgYnGAOPYvTmdSD_XRcs.jpg?width=320&crop=smart&auto=webp&s=41370b80f11aaa060a27126aaf789fda10cf29e9		36.0	390	nottheonion	Popular knives recalled due to laceration hazard	0.82	1	0	0
PoochofNYC	dog wearing glasses	1499275285.0	i.redd.it	True	6lfgof	https://preview.redd.it/0cix63sn5t7z.jpg?width=320&crop=smart&auto=webp&s=af94f4b2b9c797f88890b7c079a33a4ec2244feb		3.0	7	photoshopbattles	PsBattle: Dog wearing glasses	0.72	1	0	0
MoshMaldito	this kid on neymars lap	1509334172.0	i.redd.it	True	79l90v	https://preview.redd.it/v6remoawzvuz.jpg?width=320&crop=smart&auto=webp&s=9fc8e1a79f214adc021bd8ffecacb76490fee8c6		1.0	1	photoshopbattles	PsBattle: this kid on Neymar's lap	0.54	1	0	0
Levihartmusic	homeless opera singer offered record deal after video of her singing on the subway goes viral	1570492402.0	independent.co.uk	True	derzc3	https://external-preview.redd.it/Y41vzr6EARl8Yl_wlmYD0X4lpmUMVYpcFgQ7fhUbFUU.jpg?width=320&crop=smart&auto=webp&s=f50290ba5af4cdd70c38fe7d9cb8fb6e26f6548c		589.0	16029	upliftingnews	Homeless opera singer 'offered record deal' after video of her singing on the subway goes viral	0.93	1	0	0
Disorientedpossum	this fat black cat on his back	1413131895.0	i.imgur.com	True	2j1cc8	https://external-preview.redd.it/PBfcTcOjMzIxPO4zWoOJOKCTvylhTp65zjiQPImLpew.jpg?width=320&crop=smart&auto=webp&s=421b9a2a40c4a1e50c1bf92b1c7f12bfbe4c72fc		1.0	2	photoshopbattles	PsBattle: This fat black cat on his back	1.0	1	0	0
ViSnEk	the white spots on the nail look like a smiley	1538083978.0	i.redd.it	True	9jgy20	https://preview.redd.it/c4ob2cnsnuo11.png?width=320&crop=smart&auto=webp&s=e199673581e4d80fa86bdc1d20c7cb3c2f2011fc		3.0	3	mildlyinteresting	The white spots on the nail look like a smiley!	0.59	1	0	0
tplesmid	these screws in my dorm bathroom that you can only tighten	1567190471.0	i.redd.it	True	cxl1lr	https://preview.redd.it/vd8pdyddsmj31.jpg?width=320&crop=smart&auto=webp&s=2d52873415cfcaff892a296194766f54e373ddd0		4.0	7	mildlyinteresting	These screws in my dorm bathroom that you can only tighten	0.82	1	0	0
Isaac22877822	this wet cat	1481777009.0	imgur.com	True	5ifkk2	https://external-preview.redd.it/3wUrnqEpsKqLvelk9bkIyAKWCgScL31t9i3z0gEPYUQ.jpg?width=320&crop=smart&auto=webp&s=d6ff2745c3f046d03adebc8fbd50e8e6f58a9fde		2.0	11	photoshopbattles	PsBattle: This wet cat.	0.83	1	0	0
	man who taxied plane to newman pub faces charges	1415000066.0	news.com.au	True	2l52jg	https://external-preview.redd.it/3hPWkCPHtgqmBs5VgVi86KZxuguBfT5xerMPgPL__gg.jpg?width=320&crop=smart&auto=webp&s=a6e502ef5053446c8cf318781394f726d98722de		0.0	5	nottheonion	Man who taxied plane to Newman pub faces charges	0.65	1	0	0
OutOfPlaceComment	footballer celebrating a goal	1426460611.0	i.imgur.com	True	2z67np	https://external-preview.redd.it/rwroSZAaY6ZInx3pdkw9knIkJjPz4G3hb8lzHZxMnVE.jpg?width=320&crop=smart&auto=webp&s=a133193d4c37d1b7be0b9717ab7ad9cb60ae9c35		7.0	3	photoshopbattles	PsBattle: Footballer celebrating a goal	0.71	1	0	0
Hypa-	this cloud looks like an alien ship	1559849690.0	i.redd.it	True	bxky2z	https://preview.redd.it/n53aof5ggs231.jpg?width=320&crop=smart&auto=webp&s=bd6408d89e26b38ea3be38240ca1c7d7c3072653		8.0	10	mildlyinteresting	This cloud looks like an alien ship.	0.78	1	0	0
OverflowDs	attendance hits year low america falls out of love with movies	1516371730.0	breitbart.com	True	7rilx0	https://external-preview.redd.it/r_mAWi5t62n_FhwZAMRWhkKoVCK2nUGTL_-NbHVN7hI.jpg?width=320&crop=smart&auto=webp&s=22e4675307f30652645fc6a26d09248e7485f8d6		13.0	11	usanews	Attendance Hits 24 Year Low: America Falls Out of Love with Movies	0.64	1	0	0
DutchMatrixRichards	i hope this radio station isnt contagious	1564721307.0	i.redd.it	True	ckzhwg	https://preview.redd.it/jrbvbk5auyd31.jpg?width=320&crop=smart&auto=webp&s=904ad729d5b6bfef0c3150fe59a0cb0924086776		2.0	13	mildlyinteresting	I hope this radio station isn’t contagious	0.89	1	0	0
